{
  "modes": {
    "kg_on": {
      "n": 50,
      "n_success": 38,
      "success_rate": 0.76,
      "sr_ci_lo": 0.6258705062480763,
      "sr_ci_hi": 0.8570274759812779,
      "physics_score_mean": 0.7914488264367556,
      "physics_score_std": 0.25147707335118946,
      "mpf_mean": 0.6403282131673322,
      "mpf_std": 0.4498384347344149,
      "wall_time_mean": 47.82579248188063,
      "wall_time_std": 55.082043369720786,
      "physics_ok_mean": 0.8879264549557428,
      "physics_ok_std": 0.18510006826381095,
      "mpf_ok_mean": 0.8251036471401975,
      "mpf_ok_std": 0.333177533887548,
      "wall_time_ok_mean": 39.65759355185161,
      "wall_time_ok_std": 21.9423291208778
    },
    "kg_off": {
      "n": 50,
      "n_success": 50,
      "success_rate": 1.0,
      "sr_ci_lo": 0.9286499658256813,
      "sr_ci_hi": 1,
      "physics_score_mean": 0.8528396469908217,
      "physics_score_std": 0.21225545707852403,
      "mpf_mean": 0.796196921297725,
      "mpf_std": 0.29666041125531634,
      "wall_time_mean": 12.856658090967684,
      "wall_time_std": 4.901545658292125,
      "physics_ok_mean": 0.8528396469908217,
      "physics_ok_std": 0.21225545707852403,
      "mpf_ok_mean": 0.796196921297725,
      "mpf_ok_std": 0.29666041125531634,
      "wall_time_ok_mean": 12.856658090967684,
      "wall_time_ok_std": 4.901545658292125
    },
    "kg_smart": {
      "n": 50,
      "n_success": 47,
      "success_rate": 0.94,
      "sr_ci_lo": 0.8378265662912299,
      "sr_ci_hi": 0.9793854036353695,
      "physics_score_mean": 0.8824665149419851,
      "physics_score_std": 0.21723129490507345,
      "mpf_mean": 0.8439156462928004,
      "mpf_std": 0.31465578598149013,
      "wall_time_mean": 31.581666351053865,
      "wall_time_std": 54.16099931804009,
      "physics_ok_mean": 0.9175175690872183,
      "physics_ok_std": 0.1603820728948667,
      "mpf_ok_mean": 0.8977826024391493,
      "mpf_ok_std": 0.23675554093080883,
      "wall_time_ok_mean": 25.382206573606805,
      "wall_time_ok_std": 36.39255154942894
    }
  },
  "comparisons": {
    "kg_smart_vs_kg_on": {
      "sr_diff": 0.17999999999999994,
      "cohens_h": 0.529011249758057,
      "p_value_sr": 0.01171868559976862,
      "phys_diff": 0.09101768850522951,
      "cohens_d_phys": 0.3873441141123473,
      "phys_ok_diff": 0.029591114131475416,
      "cohens_d_phys_ok": 0.17220083458364818
    },
    "kg_smart_vs_kg_off": {
      "sr_diff": -0.06000000000000005,
      "cohens_h": -0.49493412634089573,
      "p_value_sr": 0.07864017934882853,
      "phys_diff": 0.029626867951163427,
      "cohens_d_phys": 0.1379548015564872,
      "phys_ok_diff": 0.06467792209639656,
      "cohens_d_phys_ok": 0.34234732651013994
    }
  },
  "by_difficulty": {
    "easy": {
      "kg_on": {
        "n": 12,
        "sr": 1.0,
        "sr_ci_lo": 0.7574992425007574,
        "sr_ci_hi": 1,
        "phys_mean": 0.9230096528167892,
        "pf_mean": 0.9166666666666666,
        "phys_ok_mean": 0.9230096528167892,
        "pf_ok_mean": 0.9166666666666666
      },
      "kg_off": {
        "n": 12,
        "sr": 1.0,
        "sr_ci_lo": 0.7574992425007574,
        "sr_ci_hi": 1,
        "phys_mean": 0.9197803646855394,
        "pf_mean": 1.0,
        "phys_ok_mean": 0.9197803646855394,
        "pf_ok_mean": 1.0
      },
      "kg_smart": {
        "n": 12,
        "sr": 0.9166666666666666,
        "sr_ci_lo": 0.6461140782014047,
        "sr_ci_hi": 0.9851352905492264,
        "phys_mean": 0.9197803646855394,
        "pf_mean": 0.9166666666666666,
        "phys_ok_mean": 0.9579422160205884,
        "pf_ok_mean": 1.0
      }
    },
    "hard": {
      "kg_on": {
        "n": 13,
        "sr": 0.8461538461538461,
        "sr_ci_lo": 0.5776482949136899,
        "sr_ci_hi": 0.9567427368172621,
        "phys_mean": 0.7777802258759192,
        "pf_mean": 0.6324835340391396,
        "phys_ok_mean": 0.7981733548061268,
        "pf_ok_mean": 0.6872558068608827
      },
      "kg_off": {
        "n": 13,
        "sr": 1.0,
        "sr_ci_lo": 0.7718981569447083,
        "sr_ci_hi": 1,
        "phys_mean": 0.856694030590969,
        "pf_mean": 0.7903111423973649,
        "phys_ok_mean": 0.856694030590969,
        "pf_ok_mean": 0.7903111423973649
      },
      "kg_smart": {
        "n": 13,
        "sr": 0.9230769230769231,
        "sr_ci_lo": 0.6668546607175265,
        "sr_ci_hi": 0.9862899336203037,
        "phys_mean": 0.7597720252245153,
        "pf_mean": 0.5964671315385701,
        "phys_ok_mean": 0.7814196939932249,
        "pf_ok_mean": 0.646172725833451
      }
    },
    "medium": {
      "kg_on": {
        "n": 15,
        "sr": 0.6666666666666666,
        "sr_ci_lo": 0.41713125151212976,
        "sr_ci_hi": 0.8482389930530876,
        "phys_mean": 0.759822297784829,
        "pf_mean": 0.519644595569658,
        "phys_ok_mean": 0.8897334466772435,
        "pf_ok_mean": 0.779466893354487
      },
      "kg_off": {
        "n": 15,
        "sr": 1.0,
        "sr_ci_lo": 0.7961107336956521,
        "sr_ci_hi": 1,
        "phys_mean": 0.9712659076300357,
        "pf_mean": 0.9425318152600716,
        "phys_ok_mean": 0.9712659076300357,
        "pf_ok_mean": 0.9425318152600716
      },
      "kg_smart": {
        "n": 15,
        "sr": 1.0,
        "sr_ci_lo": 0.7961107336956521,
        "sr_ci_hi": 1,
        "phys_mean": 0.9481288210408264,
        "pf_mean": 0.9629243137786285,
        "phys_ok_mean": 0.9481288210408264,
        "pf_ok_mean": 0.9629243137786285
      }
    },
    "novel": {
      "kg_on": {
        "n": 10,
        "sr": 0.5,
        "sr_ci_lo": 0.23658959361548731,
        "sr_ci_hi": 0.7634104063845126,
        "phys_mean": 0.6987848084876924,
        "pf_mean": 0.4999455782312925,
        "phys_ok_mean": 0.9975696169753849,
        "pf_ok_mean": 0.999891156462585
      },
      "kg_off": {
        "n": 10,
        "sr": 1.0,
        "sr_ci_lo": 0.7224598312333834,
        "sr_ci_hi": 1,
        "phys_mean": 0.5898606961181481,
        "pf_mean": 0.3397823984819438,
        "phys_ok_mean": 0.5898606961181481,
        "pf_ok_mean": 0.3397823984819438
      },
      "kg_smart": {
        "n": 10,
        "sr": 0.9,
        "sr_ci_lo": 0.5958436145024278,
        "sr_ci_hi": 0.9821242504842788,
        "phys_mean": 0.8986992727341694,
        "pf_mean": 0.8997844897959183,
        "phys_ok_mean": 0.9985547474824104,
        "pf_ok_mean": 0.999760544217687
      }
    }
  }
}