{
  "modes": {
    "kg_on": {
      "n": 50,
      "n_success": 47,
      "success_rate": 0.94,
      "sr_ci_lo": 0.8378265662912299,
      "sr_ci_hi": 0.9793854036353695,
      "physics_score_mean": 0.8460034399045607,
      "physics_score_std": 0.2347093653981864,
      "mpf_mean": 0.7524820940077297,
      "mpf_std": 0.3901470942832537,
      "wall_time_mean": 60.79492166018113,
      "wall_time_std": 73.17797778821189,
      "physics_ok_mean": 0.878727063728256,
      "physics_ok_std": 0.1918926314235527,
      "mpf_ok_mean": 0.8005128659656698,
      "mpf_ok_std": 0.35050920135288477,
      "wall_time_ok_mean": 52.89991900102889,
      "wall_time_ok_std": 51.56136482938761
    },
    "kg_off": {
      "n": 50,
      "n_success": 50,
      "success_rate": 1.0,
      "sr_ci_lo": 0.9286499658256813,
      "sr_ci_hi": 1,
      "physics_score_mean": 0.8528396469908214,
      "physics_score_std": 0.21225545707852406,
      "mpf_mean": 0.7961969212977253,
      "mpf_std": 0.2966604112553164,
      "wall_time_mean": 12.856658090967684,
      "wall_time_std": 4.901545658292125,
      "physics_ok_mean": 0.8528396469908214,
      "physics_ok_std": 0.21225545707852406,
      "mpf_ok_mean": 0.7961969212977253,
      "mpf_ok_std": 0.2966604112553164,
      "wall_time_ok_mean": 12.856658090967684,
      "wall_time_ok_std": 4.901545658292125
    },
    "kg_smart": {
      "n": 50,
      "n_success": 50,
      "success_rate": 1.0,
      "sr_ci_lo": 0.9286499658256813,
      "sr_ci_hi": 1,
      "physics_score_mean": 0.9332675336801394,
      "physics_score_std": 0.1322256442713152,
      "mpf_mean": 0.9255176822600164,
      "mpf_std": 0.16420171449563645,
      "wall_time_mean": 28.69530008783564,
      "wall_time_std": 39.30669993240697,
      "physics_ok_mean": 0.9332675336801394,
      "physics_ok_std": 0.1322256442713152,
      "mpf_ok_mean": 0.9255176822600164,
      "mpf_ok_std": 0.16420171449563645,
      "wall_time_ok_mean": 28.69530008783564,
      "wall_time_ok_std": 39.30669993240697
    }
  },
  "comparisons": {
    "kg_smart_vs_kg_on": {
      "sr_diff": 0.06000000000000005,
      "cohens_h": 0.49493412634089573,
      "p_value_sr": 0.07864017934882853,
      "phys_diff": 0.08726409377557864,
      "cohens_d_phys": 0.45810571953827295,
      "phys_ok_diff": 0.05454046995188333,
      "cohens_d_phys_ok": 0.33286194695876664
    },
    "kg_smart_vs_kg_off": {
      "sr_diff": 0.0,
      "cohens_h": 0.0,
      "p_value_sr": 1.0,
      "phys_diff": 0.080427886689318,
      "cohens_d_phys": 0.45483785792304776,
      "phys_ok_diff": 0.080427886689318,
      "cohens_d_phys_ok": 0.45483785792304776
    }
  },
  "by_difficulty": {
    "easy": {
      "kg_on": {
        "n": 12,
        "sr": 0.9166666666666666,
        "sr_ci_lo": 0.6461140782014047,
        "sr_ci_hi": 0.9851352905492264,
        "phys_mean": 0.8333333333333334,
        "pf_mean": 0.6666666666666666,
        "phys_ok_mean": 0.8636363636363636,
        "pf_ok_mean": 0.7272727272727273
      },
      "kg_off": {
        "n": 12,
        "sr": 1.0,
        "sr_ci_lo": 0.7574992425007574,
        "sr_ci_hi": 1,
        "phys_mean": 0.9197803646855394,
        "pf_mean": 1.0,
        "phys_ok_mean": 0.9197803646855394,
        "pf_ok_mean": 1.0
      },
      "kg_smart": {
        "n": 12,
        "sr": 1.0,
        "sr_ci_lo": 0.7574992425007574,
        "sr_ci_hi": 1,
        "phys_mean": 0.9197803646855394,
        "pf_mean": 1.0,
        "phys_ok_mean": 0.9197803646855394,
        "pf_ok_mean": 1.0
      }
    },
    "hard": {
      "kg_on": {
        "n": 13,
        "sr": 1.0,
        "sr_ci_lo": 0.7718981569447083,
        "sr_ci_hi": 1,
        "phys_mean": 0.8480820995430786,
        "pf_mean": 0.7730872813734586,
        "phys_ok_mean": 0.8480820995430786,
        "pf_ok_mean": 0.7730872813734586
      },
      "kg_off": {
        "n": 13,
        "sr": 1.0,
        "sr_ci_lo": 0.7718981569447083,
        "sr_ci_hi": 1,
        "phys_mean": 0.8566940305909692,
        "pf_mean": 0.7903111423973649,
        "phys_ok_mean": 0.8566940305909692,
        "pf_ok_mean": 0.7903111423973649
      },
      "kg_smart": {
        "n": 13,
        "sr": 1.0,
        "sr_ci_lo": 0.7718981569447083,
        "sr_ci_hi": 1,
        "phys_mean": 0.8501924734241053,
        "pf_mean": 0.7773080279377503,
        "phys_ok_mean": 0.8501924734241053,
        "pf_ok_mean": 0.7773080279377503
      }
    },
    "medium": {
      "kg_on": {
        "n": 15,
        "sr": 0.9333333333333333,
        "sr_ci_lo": 0.7018292244757601,
        "sr_ci_hi": 0.9881334113938051,
        "phys_mean": 0.8858617678576267,
        "pf_mean": 0.7717235357152535,
        "phys_ok_mean": 0.9134233227046,
        "pf_ok_mean": 0.8268466454092003
      },
      "kg_off": {
        "n": 15,
        "sr": 1.0,
        "sr_ci_lo": 0.7961107336956521,
        "sr_ci_hi": 1,
        "phys_mean": 0.9712659076300358,
        "pf_mean": 0.9425318152600715,
        "phys_ok_mean": 0.9712659076300358,
        "pf_ok_mean": 0.9425318152600715
      },
      "kg_smart": {
        "n": 15,
        "sr": 1.0,
        "sr_ci_lo": 0.7961107336956521,
        "sr_ci_hi": 1,
        "phys_mean": 0.972452272839474,
        "pf_mean": 0.9449045456789474,
        "phys_ok_mean": 0.972452272839474,
        "pf_ok_mean": 0.9449045456789474
      }
    },
    "novel": {
      "kg_on": {
        "n": 10,
        "sr": 0.9,
        "sr_ci_lo": 0.5958436145024278,
        "sr_ci_hi": 0.9821242504842788,
        "phys_mean": 0.7987178183303617,
        "pf_mean": 0.7998117006802721,
        "phys_ok_mean": 0.8874642425892908,
        "pf_ok_mean": 0.8886796674225246
      },
      "kg_off": {
        "n": 10,
        "sr": 1.0,
        "sr_ci_lo": 0.7224598312333834,
        "sr_ci_hi": 1,
        "phys_mean": 0.5898606961181481,
        "pf_mean": 0.3397823984819438,
        "phys_ok_mean": 0.5898606961181481,
        "pf_ok_mean": 0.3397823984819438
      },
      "kg_smart": {
        "n": 10,
        "sr": 1.0,
        "sr_ci_lo": 0.7224598312333834,
        "sr_ci_hi": 1,
        "phys_mean": 0.9986726060675025,
        "pf_mean": 0.999731156462585,
        "phys_ok_mean": 0.9986726060675025,
        "pf_ok_mean": 0.999731156462585
      }
    }
  }
}