{
  "G1": {
    "material": "Novidium",
    "reference": {
      "run_id": "errprop_G1_reference",
      "T_max": 399.99999503032865,
      "T_min": 299.99999627274644,
      "T_mean": 349.9999916162548,
      "wall_time": 0.6468676794320345,
      "status": "success",
      "k": 73.0,
      "rho": 5420.0,
      "cp": 612.0
    },
    "wrong": {
      "run_id": "errprop_G1_wrong",
      "T_max": 399.99999503032865,
      "T_min": 299.99999627274644,
      "T_mean": 349.9999916162621,
      "wall_time": 0.6401250129565597,
      "status": "success",
      "k": 10,
      "rho": 3000,
      "cp": 500
    },
    "abs_error": {
      "dT_max": 0.0,
      "dT_min": 0.0,
      "dT_mean": 7.275957614183426e-12
    },
    "rel_error": {
      "rel_T_max": 0.0,
      "rel_T_min": 0.0,
      "rel_T_mean": 2.0788450824195715e-14
    },
    "prop_errors": {
      "k_rel_err": 0.863013698630137,
      "rho_rel_err": 0.44649446494464945,
      "cp_rel_err": 0.1830065359477124
    },
    "sensitivities": {
      "k": {
        "dTmax_dp": -7.786769706960002e-15,
        "dTmin_dp": -7.786769706960002e-15,
        "dTmean_dp": -1.5184200928572003e-12
      },
      "rho": {
        "dTmax_dp": 1.0487715656975648e-16,
        "dTmin_dp": 0.0,
        "dTmean_dp": 1.164136437924297e-14
      },
      "cp": {
        "dTmax_dp": 9.288140336733336e-16,
        "dTmin_dp": 0.0,
        "dTmean_dp": 1.0309835773774003e-13
      }
    }
  },
  "G2": {
    "material": "Novidium",
    "reference": {
      "run_id": "errprop_G2_reference",
      "T_max": 600.0005562942381,
      "T_min": 293.0000001566205,
      "T_mean": 501.3000001517305,
      "wall_time": 0.0709396991878748,
      "status": "success",
      "k": 73.0,
      "rho": 5420.0,
      "cp": 612.0
    },
    "wrong": {
      "run_id": "errprop_G2_wrong",
      "T_max": 599.9812103398962,
      "T_min": 292.9999977755138,
      "T_mean": 480.5898258847487,
      "wall_time": 0.06728561222553253,
      "status": "success",
      "k": 45,
      "rho": 8960,
      "cp": 137
    },
    "abs_error": {
      "dT_max": 0.019345954341929428,
      "dT_min": 2.3811066967027728e-06,
      "dT_mean": 20.710174266981824
    },
    "rel_error": {
      "rel_T_max": 3.224322734201306e-05,
      "rel_T_min": 8.126644011706395e-09,
      "rel_T_mean": 0.04131293489071093
    },
    "prop_errors": {
      "k_rel_err": 0.3835616438356164,
      "rho_rel_err": 0.6531365313653137,
      "cp_rel_err": 0.7761437908496732
    },
    "sensitivities": {
      "k": {
        "dTmax_dp": -5.388832239252024e-05,
        "dTmin_dp": -6.813376772971759e-09,
        "dTmean_dp": -0.5005059887947351
      },
      "rho": {
        "dTmax_dp": 7.337305915939816e-07,
        "dTmin_dp": 9.139603710996685e-11,
        "dTmean_dp": 0.006748169847141028
      },
      "cp": {
        "dTmax_dp": 6.498071579149313e-06,
        "dTmin_dp": 8.094224201568959e-10,
        "dTmean_dp": 0.059763203548209756
      }
    }
  },
  "G3": {
    "material": "Novidium",
    "reference": {
      "run_id": "errprop_G3_reference",
      "T_max": 700.0016276680725,
      "T_min": 682.46097813652,
      "T_mean": 698.9858713533654,
      "wall_time": 1.581382098607719,
      "status": "success",
      "k": 73.0,
      "rho": 5420.0,
      "cp": 612.0
    },
    "wrong": {
      "run_id": "errprop_G3_wrong",
      "T_max": 700.0018234423317,
      "T_min": 635.842970875299,
      "T_mean": 697.7219877894613,
      "wall_time": 1.7002494065091014,
      "status": "success",
      "k": 10,
      "rho": 3000,
      "cp": 500
    },
    "abs_error": {
      "dT_max": 0.00019577425916850189,
      "dT_min": 46.61800726122101,
      "dT_mean": 1.2638835639040735
    },
    "rel_error": {
      "rel_T_max": 2.7967686278200244e-07,
      "rel_T_min": 0.06830867808517473,
      "rel_T_mean": 0.0018081675405784128
    },
    "prop_errors": {
      "k_rel_err": 0.863013698630137,
      "rho_rel_err": 0.44649446494464945,
      "cp_rel_err": 0.1830065359477124
    },
    "sensitivities": {
      "k": {
        "dTmax_dp": -3.902553429077371e-05,
        "dTmin_dp": 0.11707796576938063,
        "dTmean_dp": 0.0007135638558593947
      },
      "rho": {
        "dTmax_dp": 5.230820683397398e-07,
        "dTmin_dp": 0.0015524438521983804,
        "dTmean_dp": 0.00017241394688152708
      },
      "cp": {
        "dTmax_dp": 4.632524200002271e-06,
        "dTmin_dp": 0.013748767449207878,
        "dTmean_dp": 0.0015269339740161382
      }
    }
  },
  "C1": {
    "material": "Cryonite",
    "reference": {
      "run_id": "errprop_C1_reference",
      "T_max": 349.99999563301645,
      "T_min": 279.99999650641314,
      "T_mean": 314.99999912244846,
      "wall_time": 0.07302366476505995,
      "status": "success",
      "k": 0.42,
      "rho": 1180.0,
      "cp": 1940.0
    },
    "wrong": {
      "run_id": "errprop_C1_wrong",
      "T_max": 349.9999956330164,
      "T_min": 279.99999650641314,
      "T_mean": 314.9999991224473,
      "wall_time": 0.0726802283897996,
      "status": "success",
      "k": 0.15,
      "rho": 960,
      "cp": 1370
    },
    "abs_error": {
      "dT_max": 5.684341886080802e-14,
      "dT_min": 0.0,
      "dT_mean": 1.1368683772161603e-12
    },
    "rel_error": {
      "rel_T_max": 1.6240977020013946e-16,
      "rel_T_min": 0.0,
      "rel_T_mean": 3.60910596947091e-15
    },
    "prop_errors": {
      "k_rel_err": 0.6428571428571429,
      "rho_rel_err": 0.1864406779661017,
      "cp_rel_err": 0.29381443298969073
    },
    "sensitivities": {
      "k": {
        "dTmax_dp": 0.0,
        "dTmin_dp": -1.353414734781143e-12,
        "dTmean_dp": 2.706829469562286e-12
      },
      "rho": {
        "dTmax_dp": 0.0,
        "dTmin_dp": -4.817238886509154e-16,
        "dTmean_dp": -4.335514997858239e-15
      },
      "cp": {
        "dTmax_dp": 0.0,
        "dTmin_dp": -2.9300731371550523e-16,
        "dTmean_dp": -2.637065823439547e-15
      }
    }
  },
  "C2": {
    "material": "Cryonite",
    "reference": {
      "run_id": "errprop_C2_reference",
      "T_max": 400.00000076784215,
      "T_min": 303.33784167499874,
      "T_mean": 326.63630939431306,
      "wall_time": 1.8591213850304484,
      "status": "success",
      "k": 0.42,
      "rho": 1180.0,
      "cp": 1940.0
    },
    "wrong": {
      "run_id": "errprop_C2_wrong",
      "T_max": 400.00000079447625,
      "T_min": 312.8544619419907,
      "T_mean": 326.93477611442756,
      "wall_time": 1.8516928814351559,
      "status": "success",
      "k": 1.0,
      "rho": 8960,
      "cp": 450
    },
    "abs_error": {
      "dT_max": 2.6634097594069317e-08,
      "dT_min": 9.516620266991936,
      "dT_mean": 0.29846672011450437
    },
    "rel_error": {
      "rel_T_max": 6.65852438573559e-11,
      "rel_T_min": 0.03137300712117614,
      "rel_T_mean": 0.0009137585489744113
    },
    "prop_errors": {
      "k_rel_err": 1.3809523809523812,
      "rho_rel_err": 6.593220338983051,
      "cp_rel_err": 0.7680412371134021
    },
    "sensitivities": {
      "k": {
        "dTmax_dp": 1.9931874140595372e-07,
        "dTmin_dp": 14.724801307379277,
        "dTmean_dp": 0.8100945834360659
      },
      "rho": {
        "dTmax_dp": -7.229085879817691e-11,
        "dTmin_dp": 0.009587766636551635,
        "dTmean_dp": 5.83686354700295e-05
      },
      "cp": {
        "dTmax_dp": -4.3970728547344724e-11,
        "dTmin_dp": 0.005831734345943779,
        "dTmean_dp": 3.550257209001794e-05
      }
    }
  },
  "P1": {
    "material": "Pyrathane",
    "reference": {
      "run_id": "errprop_P1_reference",
      "T_max": 1499.9999817016303,
      "T_min": 399.99999512043473,
      "T_mean": 949.9999741179627,
      "wall_time": 0.6395004549995065,
      "status": "success",
      "k": 312.0,
      "rho": 3850.0,
      "cp": 278.0
    },
    "wrong": {
      "run_id": "errprop_P1_wrong",
      "T_max": 1499.9999816949476,
      "T_min": 399.99999511865263,
      "T_mean": 949.9999742426071,