{
  "timestamp": "2026-04-07T10:59:24",
  "total_wall_time_s": 19.708067808300257,
  "all_passed": true,
  "cases": {
    "steady_linear_2d": {
      "case_name": "steady_linear_2d",
      "case_description": "2D Steady-State Linear Profile",
      "resolutions": [
        8,
        16,
        32,
        64,
        128
      ],
      "n_dofs": [
        81,
        289,
        1089,
        4225,
        16641
      ],
      "h_values": [
        0.125,
        0.0625,
        0.03125,
        0.015625,
        0.0078125
      ],
      "l2_errors": [
        4.216192319772859e-11,
        3.6490634735103313e-09,
        3.8884927012212273e-10,
        1.1012317099566594e-09,
        2.465603701693165e-09
      ],
      "linf_errors": [
        1.1199419169827252e-10,
        1.4417034011060537e-08,
        1.106047142762634e-09,
        3.001864201657156e-09,
        6.397615881503782e-09
      ],
      "convergence_rate_l2": -1.0011304704638082,
      "convergence_rate_linf": -0.9408233340393699,
      "expected_rate": 2,
      "wall_times": [
        0.01363351196050644,
        0.013983628712594509,
        0.034405337646603584,
        0.11498637776821852,
        0.4435225836932659
      ],
      "passed": true,
      "element_degree": 1
    },
    "transient_fourier_2d": {
      "case_name": "transient_fourier_2d",
      "case_description": "2D Transient Fourier Mode Decay",
      "resolutions": [
        8,
        16,
        32,
        64,
        128
      ],
      "n_dofs": [
        81,
        289,
        1089,
        4225,
        16641
      ],
      "h_values": [
        0.125,
        0.0625,
        0.03125,
        0.015625,
        0.0078125
      ],
      "l2_errors": [
        0.004380160657148727,
        0.0009480556597864835,
        0.00023928469756527245,
        5.980944057775292e-05,
        1.4961381246433631e-05
      ],
      "linf_errors": [
        0.004879999189551426,
        0.0026386970216361882,
        0.0006623260367737971,
        0.0001651599655879965,
        4.1300338603611486e-05
      ],
      "convergence_rate_l2": 2.037371984104467,
      "convergence_rate_linf": 1.7767056756530528,
      "expected_rate": 2,
      "wall_times": [
        0.0032671084627509117,
        0.0067698173224925995,
        0.07317535113543272,
        1.0856065973639488,
        17.06369824334979
      ],
      "passed": true,
      "element_degree": 1
    },
    "steady_source_2d": {
      "case_name": "steady_source_2d",
      "case_description": "2D Steady-State with Constant Source (1D-like)",
      "resolutions": [
        8,
        16,
        32,
        64,
        128
      ],
      "n_dofs": [
        81,
        289,
        1089,
        4225,
        16641
      ],
      "h_values": [
        0.125,
        0.0625,
        0.03125,
        0.015625,
        0.0078125
      ],
      "l2_errors": [
        0.0014263608268368917,
        0.0003565902067085109,
        8.91475516825415e-05,
        2.2286887912723828e-05,
        5.5717220504276285e-06
      ],
      "linf_errors": [
        1.1205217309573356e-10,
        2.2844739988592266e-11,
        1.2190333464889846e-10,
        1.8261157863630473e-10,
        2.6808920361443e-10
      ],
      "convergence_rate_l2": 1.9999999963865431,
      "convergence_rate_linf": -0.5515929301313054,
      "expected_rate": 2,
      "wall_times": [
        0.012809314765036106,
        0.016789568588137627,
        0.0400293068960309,
        0.13800405897200108,
        0.5369298364967108
      ],
      "passed": true,
      "element_degree": 1
    }
  }
}